,m/z,time,Intens.,SN,Quality Fac.,Res.,Area,Rel. Intens.,FWHM,Chi^2,Bk. Peak,m/z,time,Intens.,SN,Quality Fac.,Res.,Area,Rel. Intens.,FWHM,Chi^2,Bk. Peak,m/z,time,Intens.,SN,Quality Fac.,Res.,Area,Rel. Intens.,FWHM,Chi^2,Bk. Peak,m/z,time,Intens.,SN,Quality Fac.,Res.,Area,Rel. Intens.,FWHM,Chi^2,Bk. Peak
1,1528.199001626379,22257.97794175722,922.0,1.238115008273495,,340.424602617612,1161.669297681904,0.14206471494607087,4.489096821662316,,0.0,,,,,,,,,,,,,,,,,,,,,,,,,,,,,,,,,
2,,,,,,,,,,,,1537.939943203044,22327.6485022825,4865.0,18.51913262817577,,643.4831820293585,11393.01980283325,0.7496147919876733,2.390023525327934,,0.0,,,,,,,,,,,,,,,,,,,,,,
3,,,,,,,,,,,,,,,,,,,,,,,2791.063550771502,29939.051901007886,2987.0,10.68975196545978,,563.0326716959163,13876.05749824642,0.46024653312788905,4.9571964311849115,,0.0,,,,,,,,,,,
4,,,,,,,,,,,,,,,,,,,,,,,,,,,,,,,,,,2819.258427328292,30087.596316023955,6490.0,28.23514910988977,,541.9417494009981,36622.36187841253,1.0,5.202142906399784,,0.0
