,m/z,time,Intens.,SN,Quality Fac.,Res.,Area,Rel. Intens.,FWHM,Chi^2,Bk. Peak
0,1526.0,0.0,0.0,0.0,0,0.0,0.0,0.0,0.0,0,0.0
2,2819.25842733,30087.596316,6490.0,28.2351491099,,541.941749401,36622.3618784,1.0,5.2021429064,,0.0
